{"cameraMode":{"drawMode":0,"name":"Shaded","section":"Shading Mode"},"sceneLighting":true,"audioPlay":false,"sceneViewState":{"showFog":true,"showMaterialUpdate":false,"showSkybox":true,"showFlares":true,"showImageEffects":true,"showParticleSystems":true},"in2DMode":false,"pivot":{"x":-3.1396756172180177,"y":-0.682279109954834,"z":5.038517951965332},"rotation":{"x":-0.29238361120224,"y":0.41684702038764956,"z":-0.14362399280071259,"w":-0.8486003279685974},"size":12.63259506225586,"orthographic":false}